{
  "metrics": {
    "accuracy": 0.7810760667903525,
    "precision": 0.6534399086497288,
    "recall": 0.9646017699115044,
    "f1": 0.7791014295439074,
    "roc_auc": 0.9506533712363072,
    "average_precision": 0.925711080580691
  },
  "confusion_matrix": [
    [
      2342,
      1214
    ],
    [
      84,
      2289
    ]
  ],
  "classification_report": "              precision    recall  f1-score   support\n\n           0     0.9654    0.6586    0.7830      3556\n           1     0.6534    0.9646    0.7791      2373\n\n    accuracy                         0.7811      5929\n   macro avg     0.8094    0.8116    0.7811      5929\nweighted avg     0.8405    0.7811    0.7814      5929\n"
}