{
  "metrics": {
    "accuracy": 0.9999672903310218,
    "precision": 0.9984732824427481,
    "recall": 1.0,
    "f1": 0.9992360580595875,
    "roc_auc": 1.0,
    "average_precision": 1.0
  },
  "confusion_matrix": [
    [
      29917,
      1
    ],
    [
      0,
      654
    ]
  ],
  "classification_report": "              precision    recall  f1-score   support\n\n           0     1.0000    1.0000    1.0000     29918\n           1     0.9985    1.0000    0.9992       654\n\n    accuracy                         1.0000     30572\n   macro avg     0.9992    1.0000    0.9996     30572\nweighted avg     1.0000    1.0000    1.0000     30572\n",
  "threshold_used": 0.15
}